[ {
  "id" : 14,
  "first_name" : "Ike",
  "last_name" : "Anigbogu",
  "position" : "C",
  "team" : {
    "id" : 12,
    "abbreviation" : "IND",
    "city" : "Indiana",
    "conference" : "East",
    "division" : "Central",
    "full_name" : "Indiana Pacers",
    "name" : "Pacers"
  }
}, {
  "id" : 25,
  "first_name" : "Ron",
  "last_name" : "Baker",
  "position" : "G",
  "team" : {
    "id" : 20,
    "abbreviation" : "NYK",
    "city" : "New York",
    "conference" : "East",
    "division" : "Atlantic",
    "full_name" : "New York Knicks",
    "name" : "Knicks"
  }
}, {
  "id" : 47,
  "first_name" : "Jabari",
  "last_name" : "Bird",
  "position" : "G",
  "team" : {
    "id" : 2,
    "abbreviation" : "BOS",
    "city" : "Boston",
    "conference" : "East",
    "division" : "Atlantic",
    "full_name" : "Boston Celtics",
    "name" : "Celtics"
  }
}, {
  "id" : 67,
  "first_name" : "MarShon",
  "last_name" : "Brooks",
  "position" : "G",
  "team" : {
    "id" : 15,
    "abbreviation" : "MEM",
    "city" : "Memphis",
    "conference" : "West",
    "division" : "Southwest",
    "full_name" : "Memphis Grizzlies",
    "name" : "Grizzlies"
  }
}, {
  "id" : 71,
  "first_name" : "Lorenzo",
  "last_name" : "Brown",
  "position" : "G",
  "team" : {
    "id" : 28,
    "abbreviation" : "TOR",
    "city" : "Toronto",
    "conference" : "East",
    "division" : "Atlantic",
    "full_name" : "Toronto Raptors",
    "name" : "Raptors"
  }
}, {
  "id" : 90,
  "first_name" : "Omri",
  "last_name" : "Casspi",
  "position" : "F",
  "team" : {
    "id" : 15,
    "abbreviation" : "MEM",
    "city" : "Memphis",
    "conference" : "West",
    "division" : "Southwest",
    "full_name" : "Memphis Grizzlies",
    "name" : "Grizzlies"
  }
}, {
  "id" : 1,
  "first_name" : "Alex",
  "last_name" : "Abrines",
  "position" : "G",
  "team" : {
    "id" : 21,
    "abbreviation" : "OKC",
    "city" : "Oklahoma City",
    "conference" : "West",
    "division" : "Northwest",
    "full_name" : "Oklahoma City Thunder",
    "name" : "Thunder"
  }
}, {
  "id" : 119,
  "first_name" : "Tyler",
  "last_name" : "Davis",
  "position" : "C",
  "team" : {
    "id" : 21,
    "abbreviation" : "OKC",
    "city" : "Oklahoma City",
    "conference" : "West",
    "division" : "Northwest",
    "full_name" : "Oklahoma City Thunder",
    "name" : "Thunder"
  }
}, {
  "id" : 149,
  "first_name" : "Keenan",
  "last_name" : "Evans",
  "position" : "G",
  "team" : {
    "id" : 9,
    "abbreviation" : "DET",
    "city" : "Detroit",
    "conference" : "East",
    "division" : "Central",
    "full_name" : "Detroit Pistons",
    "name" : "Pistons"
  }
}, {
  "id" : 179,
  "first_name" : "Marcin",
  "last_name" : "Gortat",
  "position" : "C",
  "team" : {
    "id" : 13,
    "abbreviation" : "LAC",
    "city" : "LA",
    "conference" : "West",
    "division" : "Pacific",
    "full_name" : "LA Clippers",
    "name" : "Clippers"
  }
}, {
  "id" : 1593,
  "first_name" : "Andrew",
  "last_name" : "Bogut",
  "position" : "F",
  "team" : {
    "id" : 10,
    "abbreviation" : "GSW",
    "city" : "Golden State",
    "conference" : "West",
    "division" : "Pacific",
    "full_name" : "Golden State Warriors",
    "name" : "Warriors"
  }
}, {
  "id" : 241,
  "first_name" : "Amir",
  "last_name" : "Johnson",
  "position" : "C-F",
  "team" : {
    "id" : 23,
    "abbreviation" : "PHI",
    "city" : "Philadelphia",
    "conference" : "East",
    "division" : "Atlantic",
    "full_name" : "Philadelphia 76ers",
    "name" : "76ers"
  }
}, {
  "id" : 392,
  "first_name" : "Malachi",
  "last_name" : "Richardson",
  "position" : "G",
  "team" : {
    "id" : 29,
    "abbreviation" : "UTA",
    "city" : "Utah",
    "conference" : "West",
    "division" : "Northwest",
    "full_name" : "Utah Jazz",
    "name" : "Jazz"
  }
}, {
  "id" : 281,
  "first_name" : "Zach",
  "last_name" : "Lofton",
  "position" : "G",
  "team" : {
    "id" : 9,
    "abbreviation" : "DET",
    "city" : "Detroit",
    "conference" : "East",
    "division" : "Central",
    "full_name" : "Detroit Pistons",
    "name" : "Pistons"
  }
}, {
  "id" : 263,
  "first_name" : "Kosta",
  "last_name" : "Koufos",
  "position" : "C",
  "team" : {
    "id" : 26,
    "abbreviation" : "SAC",
    "city" : "Sacramento",
    "conference" : "West",
    "division" : "Pacific",
    "full_name" : "Sacramento Kings",
    "name" : "Kings"
  }
}, {
  "id" : 382,
  "first_name" : "Billy",
  "last_name" : "Preston",
  "position" : "F",
  "team" : {
    "id" : 6,
    "abbreviation" : "CLE",
    "city" : "Cleveland",
    "conference" : "East",
    "division" : "Central",
    "full_name" : "Cleveland Cavaliers",
    "name" : "Cavaliers"
  }
}, {
  "id" : 384,
  "first_name" : "Zhou",
  "last_name" : "Qi",
  "position" : "F-C",
  "team" : {
    "id" : 11,
    "abbreviation" : "HOU",
    "city" : "Houston",
    "conference" : "West",
    "division" : "Southwest",
    "full_name" : "Houston Rockets",
    "name" : "Rockets"
  }
}, {
  "id" : 388,
  "first_name" : "Zach",
  "last_name" : "Randolph",
  "position" : "F",
  "team" : {
    "id" : 26,
    "abbreviation" : "SAC",
    "city" : "Sacramento",
    "conference" : "West",
    "division" : "Pacific",
    "full_name" : "Sacramento Kings",
    "name" : "Kings"
  }
}, {
  "id" : 430,
  "first_name" : "DJ",
  "last_name" : "Stephens",
  "position" : "G-F",
  "team" : {
    "id" : 15,
    "abbreviation" : "MEM",
    "city" : "Memphis",
    "conference" : "West",
    "division" : "Southwest",
    "full_name" : "Memphis Grizzlies",
    "name" : "Grizzlies"
  }
}, {
  "id" : 437,
  "first_name" : "Milos",
  "last_name" : "Teodosic",
  "position" : "G",
  "team" : {
    "id" : 13,
    "abbreviation" : "LAC",
    "city" : "LA",
    "conference" : "West",
    "division" : "Pacific",
    "full_name" : "LA Clippers",
    "name" : "Clippers"
  }
}, {
  "id" : 448,
  "first_name" : "Gary",
  "last_name" : "Trent Jr.",
  "position" : "G",
  "team" : {
    "id" : 25,
    "abbreviation" : "POR",
    "city" : "Portland",
    "conference" : "West",
    "division" : "Northwest",
    "full_name" : "Portland Trail Blazers",
    "name" : "Trail Blazers"
  }
}, {
  "id" : 494,
  "first_name" : "Michael",
  "last_name" : "Smith",
  "position" : "",
  "team" : {
    "id" : 2,
    "abbreviation" : "BOS",
    "city" : "Boston",
    "conference" : "East",
    "division" : "Atlantic",
    "full_name" : "Boston Celtics",
    "name" : "Celtics"
  }
}, {
  "id" : 495,
  "first_name" : "John",
  "last_name" : "Morton",
  "position" : "",
  "team" : {
    "id" : 6,
    "abbreviation" : "CLE",
    "city" : "Cleveland",
    "conference" : "East",
    "division" : "Central",
    "full_name" : "Cleveland Cavaliers",
    "name" : "Cavaliers"
  }
}, {
  "id" : 496,
  "first_name" : "Howard",
  "last_name" : "Wright",
  "position" : "",
  "team" : {
    "id" : 1,
    "abbreviation" : "ATL",
    "city" : "Atlanta",
    "conference" : "East",
    "division" : "Southeast",
    "full_name" : "Atlanta Hawks",
    "name" : "Hawks"
  }
}, {
  "id" : 497,
  "first_name" : "Michael",
  "last_name" : "Ansley",
  "position" : "",
  "team" : {
    "id" : 22,
    "abbreviation" : "ORL",
    "city" : "Orlando",
    "conference" : "East",
    "division" : "Southeast",
    "full_name" : "Orlando Magic",
    "name" : "Magic"
  }
} ]